"wmc","dit","rfc","noc","cbo","lcom","loc","revision_num","author_num","linesadd_sum","linesadd_max","linesadd_avg","linesdel_sum","linesdel_max","linesdel_avg","codechurn_sum","codechurn_max","codechurn_avg","isBug"
27,1,40,0,3,25,1278,0,0,0,0,0,0,0,0,0,0,0,"NO"
8,2,38,0,18,28,269,2,1,5,3,2.5,1,0,0.5,4,3,2,"NO"
7,2,17,0,16,19,52,0,0,0,0,0,0,0,0,0,0,0,"NO"
2,2,6,0,10,1,30,0,0,0,0,0,0,0,0,0,0,0,"NO"
4,2,22,0,10,2,173,1,1,0,0,0,1,0,1,-1,0,-1,"NO"
4,2,24,0,10,6,171,0,0,0,0,0,0,0,0,0,0,0,"NO"
3,2,18,0,11,3,273,0,0,0,0,0,0,0,0,0,0,0,"NO"
4,2,21,0,12,6,279,0,0,0,0,0,0,0,0,0,0,0,"NO"
3,2,10,0,14,3,63,0,0,0,0,0,0,0,0,0,0,0,"NO"
6,2,46,0,16,15,279,0,0,0,0,0,0,0,0,0,0,0,"NO"
2,2,10,0,12,1,138,0,0,0,0,0,0,0,0,0,0,0,"NO"
3,2,7,0,9,1,30,0,0,0,0,0,0,0,0,0,0,0,"NO"
2,2,6,0,9,1,54,0,0,0,0,0,0,0,0,0,0,0,"NO"
3,2,10,0,11,3,79,0,0,0,0,0,0,0,0,0,0,0,"NO"
2,2,9,0,10,1,36,0,0,0,0,0,0,0,0,0,0,0,"NO"
2,2,9,0,11,1,65,0,0,0,0,0,0,0,0,0,0,0,"NO"
5,2,24,0,15,10,159,2,1,5,3,2.5,16,0,8,-11,1,-5.5,"NO"
5,2,20,0,7,4,155,0,0,0,0,0,0,0,0,0,0,0,"NO"
3,2,15,0,11,1,132,0,0,0,0,0,0,0,0,0,0,0,"NO"
2,2,19,0,12,1,89,1,1,19,19,19,2,0,2,17,17,17,"NO"
2,2,8,0,8,1,50,0,0,0,0,0,0,0,0,0,0,0,"NO"
6,2,38,0,17,15,283,2,1,31,29,15.5,13,0,6.5,18,17,9,"NO"
2,2,3,0,4,1,10,0,0,0,0,0,0,0,0,0,0,0,"NO"
2,2,7,0,9,1,28,0,0,0,0,0,0,0,0,0,0,0,"NO"
2,2,5,0,8,1,19,0,0,0,0,0,0,0,0,0,0,0,"NO"
2,2,6,0,7,1,28,0,0,0,0,0,0,0,0,0,0,0,"NO"
2,2,5,0,7,1,22,0,0,0,0,0,0,0,0,0,0,0,"NO"
2,2,9,0,10,1,107,0,0,0,0,0,0,0,0,0,0,0,"NO"
2,2,6,0,7,1,36,0,0,0,0,0,0,0,0,0,0,0,"NO"
2,2,7,0,7,1,30,0,0,0,0,0,0,0,0,0,0,0,"NO"
2,2,22,0,12,1,186,0,0,0,0,0,0,0,0,0,0,0,"NO"
6,2,14,0,16,3,93,0,0,0,0,0,0,0,0,0,0,0,"NO"
3,2,13,0,11,3,102,0,0,0,0,0,0,0,0,0,0,0,"NO"
5,2,33,0,11,6,204,0,0,0,0,0,0,0,0,0,0,0,"NO"
2,2,9,0,10,1,40,0,0,0,0,0,0,0,0,0,0,0,"NO"
2,2,7,0,10,1,80,0,0,0,0,0,0,0,0,0,0,0,"NO"
7,2,18,0,6,21,63,1,1,28,28,28,0,0,0,28,28,28,"NO"
26,1,38,0,10,311,177,2,1,29,26,14.5,7,0,3.5,22,20,11,"NO"
4,1,21,0,14,0,298,1,1,2,2,2,2,0,2,0,0,0,"NO"
11,1,25,0,39,0,135,0,0,0,0,0,0,0,0,0,0,0,"NO"
7,1,12,0,5,13,64,0,0,0,0,0,0,0,0,0,0,0,"NO"
1,4,2,0,3,0,5,0,0,0,0,0,0,0,0,0,0,0,"NO"
4,3,8,0,1,4,83,0,0,0,0,0,0,0,0,0,0,0,"NO"
6,1,6,0,1,15,6,0,0,0,0,0,0,0,0,0,0,0,"NO"
15,3,23,3,53,43,154,1,1,32,32,32,28,0,28,4,4,4,"YES"
54,1,139,0,59,1019,1472,3,1,93,78,31,13,0,4.33333333333333,80,73,26.6666666666667,"NO"
1,4,2,0,17,0,5,0,0,0,0,0,0,0,0,0,0,0,"NO"
12,1,25,0,3,0,212,0,0,0,0,0,0,0,0,0,0,0,"NO"
86,2,95,0,8,3655,686,1,1,0,0,0,24,0,24,-24,0,-24,"NO"
8,1,32,0,15,0,351,1,1,0,0,0,3,0,3,-3,0,-3,"NO"
19,1,72,0,19,91,1245,0,0,0,0,0,0,0,0,0,0,0,"NO"
2,1,2,0,2,1,2,0,0,0,0,0,0,0,0,0,0,0,"NO"
54,1,138,1,47,1259,1694,3,1,151,125,50.3333333333333,93,0,31,58,34,19.3333333333333,"NO"
7,1,7,0,36,21,7,0,0,0,0,0,0,0,0,0,0,0,"NO"
11,4,24,0,4,23,504,1,1,68,68,68,7,0,7,61,61,61,"NO"
407,1,494,0,47,0,23683,1,1,1204,1204,1204,1155,0,1155,49,49,49,"NO"
1,1,1,0,13,0,617,0,0,0,0,0,0,0,0,0,0,0,"NO"
50,1,66,0,5,3,6336,1,1,14,14,14,2,0,2,12,12,12,"NO"
1,1,1,0,2,0,186,0,0,0,0,0,0,0,0,0,0,0,"NO"
45,1,77,0,41,898,1473,0,0,0,0,0,0,0,0,0,0,0,"NO"
37,1,112,0,24,666,1583,2,1,14,13,7,2,0,1,12,11,6,"NO"
2,3,4,0,7,1,9,0,0,0,0,0,0,0,0,0,0,0,"NO"
4,1,11,1,4,6,36,0,0,0,0,0,0,0,0,0,0,0,"NO"
1,1,2,0,10,0,12,0,0,0,0,0,0,0,0,0,0,0,"NO"
19,1,31,35,50,147,239,0,0,0,0,0,0,0,0,0,0,0,"NO"
5,1,24,0,1,10,206,0,0,0,0,0,0,0,0,0,0,0,"NO"
11,4,26,0,18,33,141,2,1,33,27,16.5,45,0,22.5,-12,2,-6,"NO"
10,1,26,2,15,15,163,1,1,11,11,11,20,0,20,-9,0,-9,"NO"
3,1,4,0,5,3,23,0,0,0,0,0,0,0,0,0,0,0,"NO"
6,3,20,0,2,15,183,0,0,0,0,0,0,0,0,0,0,0,"NO"
4,2,16,0,4,4,108,2,1,38,19,19,28,0,14,10,15,5,"NO"
6,1,41,0,2,13,372,1,1,1,1,1,1,0,1,0,0,0,"NO"
2,2,4,0,1,1,16,0,0,0,0,0,0,0,0,0,0,0,"NO"
14,1,16,7,9,91,38,0,0,0,0,0,0,0,0,0,0,0,"NO"
5,3,6,0,6,2,36,0,0,0,0,0,0,0,0,0,0,0,"NO"
13,1,13,0,7,78,13,0,0,0,0,0,0,0,0,0,0,0,"NO"
118,1,180,0,7,6075,5223,0,0,0,0,0,0,0,0,0,0,0,"NO"
3,1,3,0,29,3,4,1,1,10,10,10,4,0,4,6,6,6,"NO"
4,1,5,0,2,0,59,0,0,0,0,0,0,0,0,0,0,0,"NO"
5,1,12,0,3,0,251,0,0,0,0,0,0,0,0,0,0,0,"NO"
5,1,12,0,3,0,269,0,0,0,0,0,0,0,0,0,0,0,"NO"
4,1,7,0,2,0,62,0,0,0,0,0,0,0,0,0,0,0,"NO"
4,1,7,0,2,0,59,0,0,0,0,0,0,0,0,0,0,0,"NO"
1,1,2,0,1,0,6,0,0,0,0,0,0,0,0,0,0,0,"NO"
1,1,2,0,1,0,6,0,0,0,0,0,0,0,0,0,0,0,"NO"
47,2,109,1,38,1019,2553,2,1,88,53,44,48,0,24,40,27,20,"NO"
4,3,13,0,6,0,71,0,0,0,0,0,0,0,0,0,0,0,"NO"
5,3,18,0,4,8,173,0,0,0,0,0,0,0,0,0,0,0,"NO"
5,3,18,0,4,8,173,0,0,0,0,0,0,0,0,0,0,0,"NO"
14,1,27,0,19,0,386,2,1,14,14,7,15,0,7.5,-1,8,-0.5,"NO"
6,1,11,0,3,9,135,1,1,5,5,5,3,0,3,2,2,2,"NO"
9,1,18,0,4,0,368,2,1,15,12,7.5,4,0,2,11,11,5.5,"NO"
8,1,9,13,15,12,65,1,1,3,3,3,4,0,4,-1,0,-1,"NO"
4,2,8,0,4,4,55,0,0,0,0,0,0,0,0,0,0,0,"NO"
3,2,8,0,4,0,77,0,0,0,0,0,0,0,0,0,0,0,"NO"
5,2,12,0,5,0,127,0,0,0,0,0,0,0,0,0,0,0,"NO"
3,2,9,0,4,1,71,0,0,0,0,0,0,0,0,0,0,0,"NO"
3,2,5,0,4,3,20,0,0,0,0,0,0,0,0,0,0,0,"NO"
3,2,11,0,5,0,87,1,1,14,14,14,5,0,5,9,9,9,"NO"
5,2,22,0,5,0,206,0,0,0,0,0,0,0,0,0,0,0,"NO"
6,2,22,0,4,3,288,0,0,0,0,0,0,0,0,0,0,0,"NO"
4,2,9,0,4,0,80,0,0,0,0,0,0,0,0,0,0,0,"NO"
7,2,21,0,4,0,300,0,0,0,0,0,0,0,0,0,0,0,"NO"
3,2,9,0,4,1,106,0,0,0,0,0,0,0,0,0,0,0,"NO"
3,2,8,0,4,0,151,0,0,0,0,0,0,0,0,0,0,0,"NO"
3,3,7,0,3,3,33,1,1,91,91,91,0,0,0,91,91,91,"NO"
18,1,95,0,12,43,747,4,1,151,65,37.75,101,0,25.25,50,39,12.5,"YES"
10,5,27,20,23,29,285,3,1,41,33,13.6666666666667,16,0,5.33333333333333,25,22,8.33333333333333,"NO"
11,2,28,0,6,31,222,3,1,44,32,14.6666666666667,20,0,6.66666666666667,24,19,8,"NO"
13,1,26,0,13,0,112,4,1,162,136,40.5,0,0,0,162,136,40.5,"YES"
4,1,13,0,3,4,62,1,1,4,4,4,0,0,0,4,4,4,"YES"
22,1,94,0,29,139,853,14,1,400,167,28.5714285714286,247,0,17.6428571428571,153,65,10.9285714285714,"YES"
7,2,19,0,7,5,146,3,1,39,25,13,7,0,2.33333333333333,32,23,10.6666666666667,"NO"
150,1,337,0,117,10339,4593,75,1,3233,761,43.1066666666667,3106,0,41.4133333333333,127,282,1.69333333333333,"YES"
13,1,61,0,11,44,488,3,1,16,8,5.33333333333333,10,0,3.33333333333333,6,8,2,"YES"
1,1,1,0,36,0,1,0,0,0,0,0,0,0,0,0,0,0,"NO"
6,1,14,3,31,7,49,0,0,0,0,0,0,0,0,0,0,0,"YES"
2,2,3,0,4,1,6,1,1,1,1,1,1,0,1,0,0,0,"NO"
12,1,18,4,28,54,49,7,1,62,35,8.85714285714286,114,0,16.2857142857143,-52,12,-7.42857142857143,"YES"
11,1,32,0,27,23,240,1,1,20,20,20,17,0,17,3,3,3,"NO"
19,5,126,0,30,53,781,21,1,162,51,7.71428571428571,126,0,6,36,32,1.71428571428571,"YES"
9,1,12,2,10,30,31,5,1,16,7,3.2,19,0,3.8,-3,3,-0.6,"NO"
6,2,54,0,8,7,336,6,1,107,70,17.8333333333333,56,0,9.33333333333333,51,25,8.5,"YES"
41,1,152,0,86,802,1670,27,1,521,173,19.2962962962963,379,0,14.037037037037,142,71,5.25925925925926,"YES"
14,2,95,0,14,21,973,12,1,165,53,13.75,98,0,8.16666666666667,67,18,5.58333333333333,"YES"
3,1,19,0,9,3,54,7,1,137,104,19.5714285714286,10,0,1.42857142857143,127,104,18.1428571428571,"YES"
28,1,104,0,25,312,721,17,1,489,192,28.7647058823529,224,0,13.1764705882353,265,174,15.5882352941176,"YES"
7,1,10,0,7,0,64,3,1,44,40,14.6666666666667,25,0,8.33333333333333,19,23,6.33333333333333,"NO"
37,1,102,0,69,660,1578,20,1,611,169,30.55,366,0,18.3,245,102,12.25,"YES"
13,1,33,0,19,40,268,3,1,48,41,16,17,0,5.66666666666667,31,28,10.3333333333333,"YES"
6,2,25,0,5,3,215,1,1,7,7,7,2,0,2,5,5,5,"NO"
11,1,24,0,18,11,170,1,1,153,153,153,0,0,0,153,153,153,"NO"
9,1,20,0,5,0,111,0,0,0,0,0,0,0,0,0,0,0,"NO"
4,1,4,0,5,6,4,1,1,11,11,11,7,0,7,4,4,4,"NO"
13,1,38,0,9,48,300,3,1,39,36,13,51,0,17,-12,2,-4,"YES"
3,1,20,0,6,3,103,3,1,71,64,23.6666666666667,1,0,0.333333333333333,70,64,23.3333333333333,"YES"
12,1,42,0,10,66,957,25,1,949,204,37.96,806,0,32.24,143,151,5.72,"YES"
57,6,209,0,132,1298,1532,16,1,562,327,35.125,305,0,19.0625,257,133,16.0625,"YES"
6,5,33,0,11,7,397,8,1,81,57,10.125,151,0,18.875,-70,8,-8.75,"YES"
7,2,28,0,7,0,559,7,1,80,34,11.4285714285714,42,0,6,38,25,5.42857142857143,"NO"
2,1,2,0,4,1,2,0,0,0,0,0,0,0,0,0,0,0,"NO"
25,5,123,0,18,122,797,32,1,493,115,15.40625,221,0,6.90625,272,104,8.5,"YES"
6,6,35,0,12,3,248,8,1,137,41,17.125,155,0,19.375,-18,14,-2.25,"NO"
65,5,205,0,52,1652,1871,35,1,931,318,26.6,455,0,13,476,248,13.6,"YES"
13,7,86,0,17,48,530,9,1,132,50,14.6666666666667,38,0,4.22222222222222,94,49,10.4444444444444,"YES"
5,1,6,0,2,10,12,6,1,98,74,16.3333333333333,10,0,1.66666666666667,88,74,14.6666666666667,"NO"
4,1,4,0,4,6,4,5,1,105,75,21,11,0,2.2,94,75,18.8,"NO"
10,1,16,0,2,0,388,7,1,220,128,31.4285714285714,35,0,5,185,128,26.4285714285714,"NO"
2,2,3,0,2,1,8,3,1,59,46,19.6666666666667,2,0,0.666666666666667,57,46,19,"NO"
2,2,6,0,2,1,85,5,1,111,95,22.2,10,0,2,101,95,20.2,"NO"
9,1,25,3,10,22,121,3,1,159,110,53,3,0,1,156,108,52,"NO"
2,2,6,0,2,1,65,5,1,116,96,23.2,26,0,5.2,90,96,18,"NO"
11,1,14,0,2,49,50,1,1,111,111,111,0,0,0,111,111,111,"NO"
28,1,39,0,7,46,1223,26,1,968,263,37.2307692307692,319,0,12.2692307692308,649,263,24.9615384615385,"YES"
11,1,16,0,2,35,52,1,1,109,109,109,0,0,0,109,109,109,"NO"
13,1,31,0,8,14,485,7,1,450,192,64.2857142857143,66,0,9.42857142857143,384,190,54.8571428571429,"YES"
8,5,31,0,5,0,418,2,1,56,29,28,10,0,5,46,27,23,"NO"
3,7,27,0,5,3,110,7,1,135,105,19.2857142857143,36,0,5.14285714285714,99,81,14.1428571428571,"NO"
5,6,32,0,7,2,202,2,1,21,16,10.5,7,0,3.5,14,9,7,"NO"
3,7,33,0,6,3,180,2,1,33,32,16.5,18,0,9,15,15,7.5,"NO"
14,7,81,0,15,49,864,17,1,482,149,28.3529411764706,505,0,29.7058823529412,-23,86,-1.35294117647059,"YES"
4,5,16,0,6,0,54,0,0,0,0,0,0,0,0,0,0,0,"NO"
11,2,24,0,2,35,163,0,0,0,0,0,0,0,0,0,0,0,"NO"
15,7,55,0,7,77,359,5,1,74,59,14.8,25,0,5,49,42,9.8,"NO"
17,5,90,0,15,108,539,12,1,386,215,32.1666666666667,92,0,7.66666666666667,294,203,24.5,"YES"
2,8,33,0,11,1,206,6,1,57,34,9.5,29,0,4.83333333333333,28,23,4.66666666666667,"NO"
11,3,54,0,8,0,541,12,1,125,41,10.4166666666667,79,0,6.58333333333333,46,17,3.83333333333333,"YES"
2,1,2,0,3,1,3,1,1,15,15,15,6,0,6,9,9,9,"NO"
6,1,6,0,4,15,6,4,1,39,20,9.75,473,0,118.25,-434,18,-108.5,"NO"
28,5,78,0,27,230,697,24,1,1053,295,43.875,499,0,20.7916666666667,554,235,23.0833333333333,"YES"
7,6,38,0,6,0,196,2,1,35,18,17.5,9,0,4.5,26,16,13,"NO"
3,6,13,0,4,1,54,1,1,34,34,34,5,0,5,29,29,29,"NO"
7,7,40,0,6,9,214,4,1,57,53,14.25,12,0,3,45,45,11.25,"NO"
3,6,13,17,20,3,43,0,0,0,0,0,0,0,0,0,0,0,"NO"
1,7,22,6,9,0,95,1,1,1,1,1,0,0,0,1,1,1,"NO"
6,6,36,0,6,3,203,4,1,52,43,13,9,0,2.25,43,37,10.75,"NO"
4,4,24,0,2,0,195,1,1,97,97,97,0,0,0,97,97,97,"NO"
5,7,39,0,6,6,214,4,1,170,158,42.5,1,0,0.25,169,158,42.25,"NO"
8,6,25,0,5,24,74,6,1,103,87,17.1666666666667,5,0,0.833333333333333,98,87,16.3333333333333,"YES"
3,6,18,0,6,3,67,2,1,44,42,22,30,0,15,14,14,7,"NO"
17,7,76,0,5,98,629,0,0,0,0,0,0,0,0,0,0,0,"NO"
25,6,75,0,9,258,530,3,1,108,98,36,29,0,9.66666666666667,79,74,26.3333333333333,"YES"
18,6,131,0,22,113,844,14,1,731,507,52.2142857142857,625,0,44.6428571428571,106,485,7.57142857142857,"NO"
10,1,46,0,12,17,296,2,1,3,2,1.5,11,0,5.5,-8,0,-4,"NO"
28,6,89,0,19,206,614,5,1,176,146,35.2,45,0,9,131,125,26.2,"YES"
5,6,33,0,10,4,142,2,1,22,19,11,4,0,2,18,18,9,"NO"
18,2,53,1,15,71,466,10,1,111,45,11.1,38,0,3.8,73,22,7.3,"NO"
8,5,33,0,3,28,143,2,1,2,1,1,2,0,1,0,1,0,"YES"
8,3,14,0,1,16,49,2,1,127,127,63.5,55,0,27.5,72,127,36,"NO"
4,1,16,0,6,0,222,12,1,245,56,20.4166666666667,125,0,10.4166666666667,120,42,10,"NO"
4,5,26,0,5,0,112,2,1,52,51,26,19,0,9.5,33,44,16.5,"YES"
6,8,22,0,10,15,128,1,1,1,1,1,7,0,7,-6,0,-6,"NO"
2,8,24,0,8,1,126,5,1,30,24,6,32,0,6.4,-2,4,-0.4,"NO"
1,8,15,0,4,0,79,1,1,10,10,10,3,0,3,7,7,7,"NO"
14,7,108,0,28,69,732,6,1,27,6,4.5,40,0,6.66666666666667,-13,4,-2.16666666666667,"YES"
21,1,78,0,17,102,528,31,1,1490,603,48.0645161290323,634,0,20.4516129032258,856,603,27.6129032258065,"YES"
12,7,58,0,7,52,284,3,1,57,31,19,15,0,5,42,22,14,"NO"
2,8,28,0,13,1,120,3,1,41,39,13.6666666666667,40,0,13.3333333333333,1,13,0.333333333333333,"NO"
2,8,28,0,14,1,133,6,1,37,17,6.16666666666667,8,0,1.33333333333333,29,17,4.83333333333333,"NO"
5,7,49,0,8,2,362,1,1,27,27,27,16,0,16,11,11,11,"NO"
5,3,41,0,2,4,213,5,1,96,74,19.2,46,0,9.2,50,38,10,"NO"
19,5,76,0,33,119,618,22,1,380,135,17.2727272727273,238,0,10.8181818181818,142,73,6.45454545454545,"YES"
8,7,58,0,6,20,293,3,1,56,54,18.6666666666667,39,0,13,17,17,5.66666666666667,"NO"
5,1,23,0,3,0,239,1,1,169,169,169,0,0,0,169,169,169,"NO"
17,1,37,0,2,100,679,0,0,0,0,0,0,0,0,0,0,0,"YES"
6,7,46,0,8,9,299,0,0,0,0,0,0,0,0,0,0,0,"NO"
11,2,104,0,13,11,1460,22,1,229,46,10.4090909090909,168,0,7.63636363636364,61,30,2.77272727272727,"NO"
11,2,31,0,6,11,232,3,1,59,35,19.6666666666667,20,0,6.66666666666667,39,26,13,"NO"
6,2,22,0,4,13,150,3,1,54,33,18,45,0,15,9,31,3,"YES"
21,2,94,0,12,210,760,18,1,171,80,9.5,213,0,11.8333333333333,-42,21,-2.33333333333333,"NO"
5,2,17,0,3,10,88,3,1,22,20,7.33333333333333,17,0,5.66666666666667,5,10,1.66666666666667,"NO"
32,1,70,4,31,400,504,11,1,279,120,25.3636363636364,58,0,5.27272727272727,221,94,20.0909090909091,"NO"
26,1,73,0,41,217,370,4,1,131,71,32.75,42,0,10.5,89,53,22.25,"YES"
114,1,374,0,184,5427,5109,59,1,1190,293,20.1694915254237,629,0,10.6610169491525,561,144,9.50847457627119,"YES"
6,3,14,0,12,5,87,2,1,30,24,15,7,0,3.5,23,17,11.5,"NO"
7,2,15,0,5,9,64,1,1,2,2,2,5,0,5,-3,0,-3,"NO"
5,3,13,0,6,4,50,0,0,0,0,0,0,0,0,0,0,0,"NO"
2,3,4,0,5,1,10,0,0,0,0,0,0,0,0,0,0,0,"NO"
1,3,2,0,3,0,5,0,0,0,0,0,0,0,0,0,0,0,"NO"
1,3,2,0,3,0,5,0,0,0,0,0,0,0,0,0,0,0,"NO"
1,3,2,0,4,0,5,0,0,0,0,0,0,0,0,0,0,0,"NO"
1,3,2,0,4,0,5,1,1,43,43,43,0,0,0,43,43,43,"YES"
1,3,2,0,9,0,5,0,0,0,0,0,0,0,0,0,0,0,"NO"
1,3,2,0,5,0,5,0,0,0,0,0,0,0,0,0,0,0,"NO"
3,2,9,0,6,0,34,0,0,0,0,0,0,0,0,0,0,0,"NO"
5,3,13,0,8,4,47,0,0,0,0,0,0,0,0,0,0,0,"NO"
2,1,3,0,2,1,16,0,0,0,0,0,0,0,0,0,0,0,"NO"
12,2,32,0,8,0,176,0,0,0,0,0,0,0,0,0,0,0,"NO"
14,6,77,0,11,51,516,4,1,203,107,50.75,73,0,18.25,130,75,32.5,"NO"
5,6,34,0,6,4,239,5,1,172,131,34.4,18,0,3.6,154,131,30.8,"YES"
12,2,36,0,5,24,253,0,0,0,0,0,0,0,0,0,0,0,"NO"
9,6,45,0,8,18,205,3,1,374,296,124.666666666667,31,0,10.3333333333333,343,296,114.333333333333,"NO"
3,6,17,0,3,1,307,3,1,46,23,15.3333333333333,17,0,5.66666666666667,29,19,9.66666666666667,"YES"
8,6,31,0,5,20,119,5,1,70,54,14,37,0,7.4,33,30,6.6,"NO"
8,2,20,0,7,0,179,0,0,0,0,0,0,0,0,0,0,0,"NO"
11,7,62,0,10,29,392,0,0,0,0,0,0,0,0,0,0,0,"NO"
11,6,50,0,7,25,333,5,1,105,77,21,109,0,21.8,-4,6,-0.8,"NO"
5,6,42,0,6,6,206,6,1,75,52,12.5,60,0,10,15,16,2.5,"NO"
3,6,24,0,5,1,371,7,1,157,46,22.4285714285714,123,0,17.5714285714286,34,33,4.85714285714286,"YES"
9,6,27,0,4,10,181,2,1,102,100,51,0,0,0,102,100,51,"NO"
5,6,28,0,5,0,337,3,1,28,17,9.33333333333333,33,0,11,-5,17,-1.66666666666667,"YES"
3,6,24,0,4,1,230,2,1,13,9,6.5,26,0,13,-13,9,-6.5,"YES"
5,6,35,0,4,0,404,3,1,32,23,10.6666666666667,13,0,4.33333333333333,19,18,6.33333333333333,"NO"
12,6,39,0,7,28,573,7,1,164,51,23.4285714285714,168,0,24,-4,11,-0.571428571428571,"YES"
3,6,16,0,3,3,50,2,1,65,48,32.5,2,0,1,63,48,31.5,"NO"
3,6,21,0,4,1,159,5,1,27,14,5.4,60,0,12,-33,8,-6.6,"YES"
12,6,58,0,12,38,306,4,1,23,15,5.75,31,0,7.75,-8,1,-2,"NO"
5,7,50,0,4,2,533,0,0,0,0,0,0,0,0,0,0,0,"NO"
8,6,31,0,7,20,119,4,1,147,70,36.75,60,0,15,87,41,21.75,"NO"
8,2,21,0,9,0,163,0,0,0,0,0,0,0,0,0,0,0,"NO"
3,6,18,0,4,1,302,5,1,31,14,6.2,40,0,8,-9,8,-1.8,"NO"
14,7,78,0,13,55,660,0,0,0,0,0,0,0,0,0,0,0,"NO"
12,6,65,0,10,34,448,4,1,97,82,24.25,95,0,23.75,2,3,0.5,"YES"
11,2,29,0,8,25,185,0,0,0,0,0,0,0,0,0,0,0,"NO"
12,7,92,0,12,28,1013,7,1,197,141,28.1428571428571,96,0,13.7142857142857,101,76,14.4285714285714,"NO"
5,1,27,0,11,0,158,8,1,33,18,4.125,24,0,3,9,5,1.125,"YES"
7,6,32,0,7,11,137,1,1,1,1,1,1,0,1,0,0,0,"NO"
12,2,36,0,7,36,492,2,1,18,11,9,2,0,1,16,11,8,"NO"
11,6,63,0,12,27,559,7,1,15,4,2.14285714285714,17,0,2.42857142857143,-2,1,-0.285714285714286,"NO"
19,6,64,0,14,125,342,2,1,49,45,24.5,19,0,9.5,30,27,15,"YES"
5,1,14,0,9,0,82,1,1,32,32,32,13,0,13,19,19,19,"YES"
5,1,47,0,10,0,563,11,1,341,205,31,52,0,4.72727272727273,289,205,26.2727272727273,"YES"
4,1,22,0,6,4,118,3,1,90,64,30,4,0,1.33333333333333,86,64,28.6666666666667,"NO"
2,2,5,0,1,1,14,0,0,0,0,0,0,0,0,0,0,0,"NO"
5,2,29,0,5,2,197,1,1,12,12,12,6,0,6,6,6,6,"YES"
5,2,24,0,7,0,99,1,1,21,21,21,11,0,11,10,10,10,"NO"
7,1,20,0,6,0,347,7,1,56,42,8,34,0,4.85714285714286,22,15,3.14285714285714,"YES"
7,1,11,2,5,9,140,1,1,55,55,55,118,0,118,-63,0,-63,"NO"
4,1,5,0,3,0,94,2,1,34,32,17,14,0,7,20,19,10,"NO"
6,1,9,0,6,15,34,1,1,23,23,23,32,0,32,-9,0,-9,"NO"
6,2,13,0,4,0,62,1,1,24,24,24,88,0,88,-64,0,-64,"NO"
9,2,44,0,18,14,352,10,1,170,59,17,102,0,10.2,68,31,6.8,"NO"
5,1,17,0,6,0,96,4,1,28,16,7,42,0,10.5,-14,6,-3.5,"NO"
14,5,67,0,19,55,361,9,1,167,47,18.5555555555556,69,0,7.66666666666667,98,33,10.8888888888889,"YES"
4,1,28,0,11,0,201,12,1,86,28,7.16666666666667,35,0,2.91666666666667,51,25,4.25,"NO"
33,1,121,0,36,228,1520,26,1,364,88,14,143,0,5.5,221,57,8.5,"YES"
17,5,73,0,16,76,412,10,1,132,49,13.2,76,0,7.6,56,36,5.6,"YES"
39,7,155,0,28,517,1788,20,1,310,72,15.5,133,0,6.65,177,53,8.85,"YES"
5,1,5,0,8,10,5,1,1,11,11,11,12,0,12,-1,0,-1,"NO"
2,1,2,0,5,1,2,5,1,14,5,2.8,6,0,1.2,8,4,1.6,"NO"
10,1,28,0,8,3,226,1,1,56,56,56,2,0,2,54,54,54,"NO"
1,1,2,0,6,0,21,0,0,0,0,0,0,0,0,0,0,0,"YES"
11,1,16,0,3,55,456,0,0,0,0,0,0,0,0,0,0,0,"NO"
20,1,30,0,11,152,212,2,1,74,64,37,40,0,20,34,25,17,"YES"
4,1,5,0,11,0,28,2,1,43,27,21.5,43,0,21.5,0,11,0,"YES"
2,1,7,0,6,0,52,3,1,32,22,10.6666666666667,21,0,7,11,11,3.66666666666667,"YES"
10,1,47,0,10,21,1529,8,1,315,97,39.375,160,0,20,155,66,19.375,"YES"
17,2,72,0,11,98,1115,3,1,97,89,32.3333333333333,65,0,21.6666666666667,32,27,10.6666666666667,"YES"
18,1,71,0,14,27,1598,39,1,1333,380,34.1794871794872,412,0,10.5641025641026,921,362,23.6153846153846,"YES"
6,1,18,0,5,0,176,2,1,142,139,71,2,0,1,140,139,70,"NO"
21,1,53,0,14,0,1726,27,1,1402,360,51.9259259259259,482,0,17.8518518518519,920,360,34.0740740740741,"YES"
43,4,111,0,15,759,981,22,1,667,116,30.3181818181818,245,0,11.1363636363636,422,96,19.1818181818182,"YES"
248,4,482,0,70,16336,9106,114,1,5725,2207,50.219298245614,4559,0,39.9912280701754,1166,310,10.2280701754386,"YES"
2,1,2,0,3,1,2,0,0,0,0,0,0,0,0,0,0,0,"NO"
11,1,20,2,17,33,90,3,1,81,61,27,52,0,17.3333333333333,29,15,9.66666666666667,"YES"
4,1,5,5,9,6,11,2,1,98,87,49,4,0,2,94,87,47,"NO"
2,1,2,0,2,1,2,2,1,7,6,3.5,21,0,10.5,-14,0,-7,"NO"
54,4,144,0,22,1059,1085,51,1,1263,205,24.7647058823529,893,0,17.5098039215686,370,131,7.25490196078431,"YES"
6,1,8,0,4,0,66,2,1,9,8,4.5,3,0,1.5,6,6,3,"NO"
13,1,53,0,69,38,437,3,1,3,2,1,4,0,1.33333333333333,-1,0,-0.333333333333333,"NO"
9,1,17,0,2,2,236,3,1,181,153,60.3333333333333,6,0,2,175,153,58.3333333333333,"NO"
4,2,6,0,2,6,83,1,1,70,70,70,0,0,0,70,70,70,"NO"
6,1,12,3,4,15,49,0,0,0,0,0,0,0,0,0,0,0,"NO"
14,2,35,0,7,37,304,3,1,3,2,1,3,0,1,0,1,0,"YES"
22,1,52,0,14,107,648,3,1,103,69,34.3333333333333,42,0,14,61,41,20.3333333333333,"NO"
2,1,2,0,5,1,2,1,1,4,4,4,0,0,0,4,4,4,"NO"
